"Name","EC Number","CAS Number","List Number","Rapporteur","Conclusion","Fact Sheet",
"1,2,3 Trichlorobenzene","201-757-1","87-61-6","3","Denmark","fulfilling PBT criteria","pbt_003_cas_87-61-6_en.pdf"#"https://echa.europa.eu/documents/10162/9dad4017-5783-4a66-aeca-bf64beb48ee2"#"",
"1,2,4 Trichlorobenzene","204-428-0","120-82-1","4","Denmark","fulfilling PBT criteria","pbt_004_cas_120-82-1_en.pdf"#"https://echa.europa.eu/documents/10162/d8ffe8bd-fcd6-4ef4-b1c4-b78aafff14ac"#"",
"1,3,4,6,7,8-hexahydro-4,6,6,7,8,8-hexamethylin-deno[5,6-c]pyran","214-946-9","1222-05-5","2","Netherlands","not fulfilling PBT & vPvB criteria","pbt_002_cas_1222-05-5_en.pdf"#"https://echa.europa.eu/documents/10162/97b6f580-0ffe-494e-a091-fdf3b0e392d7"#"",
"1,4Benzenediamine, N,N'-mixed Ph and tolyl derivs.","273-227-8","68953-84-4","102","Germany","not fulfilling PBT & vPvB criteria","pbt_102_cas_68953-84-4_en.pdf"#"https://echa.europa.eu/documents/10162/0d9952ad-815e-4b70-a0f8-cd43f1dc1cd8"#"",
"1-(5,6,7,8-tetrahydro-3,5,5,6,8,8-hexamethyl-2-naph-thyl)ethan-1-one","216-133-4","1506-02-1","1","Netherlands","not fulfilling PBT & vPvB criteria","pbt_001_cas_1506-02-1_en.pdf"#"https://echa.europa.eu/documents/10162/98ae8522-1974-48f5-aa87-fe94affe035c"#"",
"1H3a,7-Methanoazulene, 2,3,4,7,8,8a-hexahydro-3,6,8,8-tetramethyl-, 3R-(3.alpha.,3a.beta.,7.beta.,8a.alpha.) -","207-418-4","469-61-4","104","France","not fulfilling PBT & vPvB criteria","pbt_104_cas_469-61-4_en.pdf"#"https://echa.europa.eu/documents/10162/c685e563-f0b3-43a4-96db-70d5d94dfe23"#"",
"1HIndene-5-ethanol, 2,3-dihydro-beta.,1,1,2,3,3-hexamethyl-","214-934-3","1217-08-9","109","Sweden","not fulfilling PBT & vPvB criteria","pbt_109_cas_1217-08-9_en.pdf"#"https://echa.europa.eu/documents/10162/56b3e7b0-dcc4-4c95-9656-60592e497dae"#"",
"2,2'-[(3,3'-dichloro[1,1'-biphenyl]-4,4'-diyl)bis(azo)]bis[N-(4-chloro-2,5-dimethoxyphenyl)-3-oxobutyramide]","226-939-8","5567-15-7","8","United Kingdom","not fulfilling PBT & vPvB criteria","pbt_008_cas_5567-15-7_en.pdf"#"https://echa.europa.eu/documents/10162/c07e7cdc-d0b4-42dd-9860-717d0122e3dd"#"",
"2,2'[(3,3'-dichloro[1,1'-biphenyl]-4,4'-diyl)bis(azo)]bis[N-(2,4-dimethylphenyl)-3-oxobutyramide]","225-822-9","5102-83-0","6","United Kingdom","not fulfilling PBT & vPvB criteria","pbt_006_cas_5102-83-0_en.pdf"#"https://echa.europa.eu/documents/10162/9149c64a-0fdb-4c45-af52-e919ebaef210"#"",
"2,2'[(3,3'-dichloro[1,1'-biphenyl]-4,4'-diyl)bis(azo)]bis[N-(2-methylphenyl)-3-oxobutyramide]","226-789-3","5468-75-7","7","United Kingdom","not fulfilling PBT & vPvB criteria","pbt_007_cas_5468-75-7_en.pdf"#"https://echa.europa.eu/documents/10162/8958822e-0b0c-44a6-9f2f-9d2af9b5a464"#"",
"2,2′,6,6′-Tetra-tert-butyl-4,4′- methylenediphenol","204-279-1","118-82-1","5","Austria","under evaluation","pbt_005_cas_118-82-1_en.pdf"#"https://echa.europa.eu/documents/10162/5a7eb4f4-b982-4e92-a8af-99c255603262"#"",
"2,4,6trichlorophenol","201-795-9","88-06-2","10","Austria","not fulfilling PBT & vPvB criteria","pbt_010_cas_88-06-2_en.pdf"#"https://echa.europa.eu/documents/10162/fce46ecc-bbe6-47f5-a604-ea71d7d47a0d"#"",
"2,4-di-tert-butylphenol","202-532-0","96-76-4","12","Sweden","not fulfilling PBT & vPvB criteria","pbt_012_cas_96-76-4_en.pdf"#"https://echa.europa.eu/documents/10162/87ffbab5-af49-46f6-8d8a-825faef4659e"#"",
"2,4-Dinitrotoluene (2,4-DNT)","204-450-0","121-14-2","11","Germany","not fulfilling PBT & vPvB criteria","pbt_011_cas_121-14-2_en.pdf"#"https://echa.europa.eu/documents/10162/5c370200-7e7a-4845-9141-d643d8c3791b"#"",
"2,4Dinonylphenol, branched","284-323-4","84852-14-2","103","United Kingdom","deferred","pbt_103_cas_84852-14-2_en.pdf"#"https://echa.europa.eu/documents/10162/de994ade-66c2-4f95-ae01-7e4f2d9f16de"#"",
"2,6-di-tert-butyl-p-cresol (BHT)","204-881-4","128-37-0","121","Sweden","not fulfilling PBT & vPvB criteria","pbt_121_cas_128-37-0_en.pdf"#"https://echa.europa.eu/documents/10162/1e278815-9f25-4d53-92cf-4efd48090c47"#"",
"2,6-di-tert-butylphenol","204-884-0","128-39-2","13","Sweden","not fulfilling PBT & vPvB criteria","pbt_013_cas_128-39-2_en.pdf"#"https://echa.europa.eu/documents/10162/48202985-b5a0-42fb-b410-4d0a41162cde"#"",
"2-ethylhexyl 10-ethyl-4,4-dioctyl-7-oxo-8-oxa-3,5-dithia-4-stannatetradecanoate","239-622-4","15571-58-1","15","United Kingdom","under evaluation","pbt_015_cas_15571-58-1_en.pdf"#"https://echa.europa.eu/documents/10162/f814ddbf-1100-4149-b6aa-6a2355754519"#"",
"2-ethylhexyl 10-ethyl-4-[[2-[(2-ethylhexyl)oxy]-2-oxoethyl]thio]-4-octyl-7-oxo-8-oxa-3,5-dithia-4-stannatetradecanoate","248-227-6","27107-89-7","99","United Kingdom","under evaluation","pbt_099_cas_27107-89-7_en.pdf"#"https://echa.europa.eu/documents/10162/9751611d-e523-4af8-ac0c-3ce815f0a79a"#"",
"2-Oxetanone, 3-C12-16-alkyl-4-C13-17-alkylidene derivs.","284-932-5","84989-41-3","17","United Kingdom","not fulfilling PBT & vPvB criteria","pbt_017_cas_84989-41-3_en.pdf"#"https://echa.europa.eu/documents/10162/f3196238-87f9-460c-8fbb-1e0da40d33ac"#"",
"2Propenoic acid, 2-methyl-, C9-11-isoalkyl esters, C10-rich","292-128-0","90552-07-1","18","United Kingdom","not fulfilling PBT & vPvB criteria","pbt_018_cas_90552-07-1_en.pdf"#"https://echa.europa.eu/documents/10162/b939028d-21fb-40e3-b797-a3b6d5bf7d6e"#"",
"3,4-dichloroaniline","202-448-4","95-76-1","123","Denmark","not fulfilling PBT & vPvB criteria","pbt_123_cas_95-76-1_en.pdf"#"https://echa.europa.eu/documents/10162/c354202c-f912-4229-ac58-0e4778b3ac79"#"",
"3methyl-1-(2,6,6-trimethylcyclohex-1-en-1-yl)penta-1,4-dien-3-ol","226-006-5","5208-93-5","19","Sweden","not fulfilling PBT & vPvB criteria","pbt_019_cas_5208-93-5_en.pdf"#"https://echa.europa.eu/documents/10162/f7b06821-d031-4e79-a261-f6ab541f3b6a"#"",
"4(2,4-dichlorophenoxy)aniline","238-932-7","14861-17-7","67","Sweden","not fulfilling PBT & vPvB criteria","pbt_067_cas_14861-17-7_en.pdf"#"https://echa.europa.eu/documents/10162/926d933c-0c56-4798-a1c8-bedec2828797"#"",
"4,4'[(3,3'-dichloro[1,1'-biphenyl]-4,4'-diyl)bis(azo)]bis[2,4-dihydro-5-methyl-2-phenyl-3H-pyrazol-3-one]","222-530-3","3520-72-7","9","United Kingdom","not fulfilling PBT & vPvB criteria","pbt_009_cas_3520-72-7_en.pdf"#"https://echa.europa.eu/documents/10162/e3086d28-1999-437d-894a-9b4a5f55db44"#"",
"4,4'methylenedicyclohexyl diisocyanate","225-863-2","5124-30-1","20","France","not fulfilling PBT & vPvB criteria","pbt_020_cas_5124-30-1_en.pdf"#"https://echa.europa.eu/documents/10162/5d8950dd-5e84-4cc1-ab06-273e88bde8ea"#"",
"4,4'Thio-bis(2-t-butyl-5-methylphenol)","202-525-2","96-69-5","113","United Kingdom","deferred","pbt_113_cas_96-69-5_en.pdf"#"https://echa.europa.eu/documents/10162/adba48d4-604f-4919-8c43-0a35ec900bdf"#"",
"4,6di-tert-butyl-m-cresol","207-847-7","497-39-2","14","Sweden","not fulfilling PBT & vPvB criteria","pbt_014_cas_497-39-2_en.pdf"#"https://echa.europa.eu/documents/10162/e781684b-11d1-4495-8271-aa1a7b04b23d"#"",
"4chloro-1-(2,4-dichlorophenoxy)-2-nitrobenzene","219-244-6","2392-48-5","21","Sweden","not fulfilling PBT & vPvB criteria","pbt_021_cas_2392-48-5_en.pdf"#"https://echa.europa.eu/documents/10162/58d6498e-89ca-4dbb-a041-daca40190d70"#"",
"5-Nonylsalicylaldehyde oxime","256-798-8","50849-47-3","22","Netherlands","under evaluation","pbt_022_cas_50849-47-3_en.pdf"#"https://echa.europa.eu/documents/10162/e3b5553c-2157-4024-973a-0da99e856bc4"#"",
"5-tert-butyl-2,4,6-trinitro-m-xylene","201-329-4","81-15-2","126","Netherlands","fulfilling vPvB criteria","pbt_126_cas_81-15-2_en.pdf"#"https://echa.europa.eu/documents/10162/735927ed-bd75-4997-8726-2ff6502dcedf"#"",
"6,6`-di-tert-butyl-2,2`-methylenedi-p-cresol","204-327-1","119-47-1","117","United Kingdom","not fulfilling PBT & vPvB criteria","pbt_117_cas_119-47-1_en.pdf"#"https://echa.europa.eu/documents/10162/4fbb0b56-ebe4-45b8-8ee7-4bf505ff7998"#"",
"Alkanes, C10-13, chloro (Short Chain Chlorinated Paraffins)","287-476-5","85535-84-8","23","United Kingdom","fulfilling PBT criteria","pbt_023_cas_85535-84-8_en.pdf"#"https://echa.europa.eu/documents/10162/a4421b00-1d10-48de-9450-aff9b8b98657"#"",
"Alkanes, C14-17, chloro (MCCP, Medium  chained chlorinated  paraffins)","287-477-0","85535-85-9","127","United Kingdom","under evaluation","pbt_127_cas_85535-85-9_en.pdf"#"https://echa.europa.eu/documents/10162/32844551-067f-4e40-8170-d60ac1625f5b"#"",
"Alkanes, C912-iso-","292-459-0","90622-57-4","24","Finland","not fulfilling PBT & vPvB criteria","pbt_024_cas_90622-57-4_en.pdf"#"https://echa.europa.eu/documents/10162/264bfee3-eff2-4119-9668-e7c5f703ab1d"#"",
"Alpha,alpha,alpha,4tetrachlorotoluene","226-009-1","5216-25-1","25","Spain","not fulfilling PBT & vPvB criteria","pbt_025_cas_5216-25-1_en.pdf"#"https://echa.europa.eu/documents/10162/421ba4e9-8a20-48f0-b31a-42167ca4c70d"#"",
"Amines, C1214-alkyl, reaction products with hexanol, phosphorus oxide (P2O5), phosphorus sulfide (P2S5) and propylene oxide","294-716-2","91745-46-9","26","United Kingdom","deferred","pbt_026_cas_91745-46-9_en.pdf"#"https://echa.europa.eu/documents/10162/9d2e4023-55e6-4886-b336-3ba5c062a89f"#"",
"Amines, coco alkyl","262-977-1","61788-46-3","107","Germany","not fulfilling PBT & vPvB criteria","pbt_107_cas_61788-46-3_en.pdf"#"https://echa.europa.eu/documents/10162/bac73b82-c9d0-49dd-ad75-73ac4dfaad2c"#"",
"Amines,bis(hydrogenated tallow alkyl)","263-089-7","61789-79-5","118","Germany","not fulfilling PBT & vPvB criteria","pbt_118_cas_61789-79-5_en.pdf"#"https://echa.europa.eu/documents/10162/dc6561ac-bb11-4182-9f44-a3de9afb68ea"#"",
"Anthracene oil","292-602-7","90640-80-5","27","Germany","fulfilling PBT & vPvB criteria","pbt_027_cas_90640-80-5_en.pdf"#"https://echa.europa.eu/documents/10162/4f3f648a-ef8f-4652-948c-9ccc9fdb512d"#"",
"Anthracene oil, anthracene paste","292-603-2","90640-81-6","28","Germany","fulfilling PBT & vPvB criteria","pbt_028_cas_90640-81-6_en.pdf"#"https://echa.europa.eu/documents/10162/aedc8da9-faa7-4242-abb8-572823a8092d"#"",
"Anthracene oil, anthracene paste, anthracene fraction","295-275-9","91995-15-2","29","Germany","fulfilling PBT & vPvB criteria","pbt_029_cas_91995-15-2_en.pdf"#"https://echa.europa.eu/documents/10162/750b6739-2bcc-4a3a-ba50-09e06a007d96"#"",
"Anthracene oil, anthracene paste, distn. Lights","295-278-5","91995-17-4","30","Germany","fulfilling PBT & vPvB criteria","pbt_030_cas_91995-17-4_en.pdf"#"https://echa.europa.eu/documents/10162/56544b76-c4bf-4d49-9a65-1f792697e5bb"#"",
"Anthracene oil, anthracene-low","292-604-8","90640-82-7","31","Germany","fulfilling PBT & vPvB criteria","pbt_031_cas_90640-82-7_en.pdf"#"https://echa.europa.eu/documents/10162/1374e8e0-23a4-4a67-ae95-8832a40a446a"#"",
"Anthracene, pure","204-371-1","120-12-7","32","Germany","fulfilling PBT & vPvB criteria","pbt_032_cas_120-12-7_en.pdf"#"https://echa.europa.eu/documents/10162/4253c935-2286-42a4-a0a8-d6302443dbce"#"",
"Barium bis[2[(2-hydroxynaphthyl)azo]naphthalenesulphonate]","214-160-6","1103-38-4","33","Spain","not fulfilling PBT & vPvB criteria","pbt_033_cas_1103-38-4_en.pdf"#"https://echa.europa.eu/documents/10162/7c791fe4-12e7-4b67-bbf0-a1c9ae7b35eb"#"",
"Benzenamine, Nphenyl-, styrenated","270-485-3","68442-68-2","34","Spain","under evaluation","pbt_034_cas_68442-68-2_en.pdf"#"https://echa.europa.eu/documents/10162/cc7d3c31-738e-4003-aa35-c554cd87341d"#"",
"Benzenesulfonic acid, C1444-branched and linear alkyl derives., calcium salts","294-232-1","91696-73-0","35","France","under evaluation","pbt_035_cas_91696-73-0_en.pdf"#"https://echa.europa.eu/documents/10162/db1292e0-d473-4bbf-a34c-f6722930cadf"#"",
"Benzoic acid, 2-hydroxy-, mono-C>13-alkyl derivs, calcium salts (2:1)","281-018-8","83846-43-9","36","France","under evaluation","pbt_036_cas_83846-43-9_en.pdf"#"https://echa.europa.eu/documents/10162/544cd5a1-036f-4b31-a6f3-156f8e7ce830"#"",
"Bis(2,4dichloro-5-nitrophenyl) carbonate","254-471-4","39489-75-3","37","Sweden","deferred","pbt_037_cas_39489-75-3_en.pdf"#"https://echa.europa.eu/documents/10162/51ef6e31-becf-4911-8401-060c9c9bee5c"#"",
"Bis(isopropyl)naphthalene","254-052-6","38640-62-9","125","Sweden","under evaluation","pbt_125_cas_38640-62-9_en.pdf"#"https://echa.europa.eu/documents/10162/b3309e0c-3dd4-483f-9379-da1c01963a12"#"",
"Bis(pentabromophenyl) ether (decabromodiphenyl ether) (DecaBDE)","214-604-9","1163-19-5","48","United Kingdom","under evaluation","pbt_048_cas_1163-19-5_en.pdf"#"https://echa.europa.eu/documents/10162/f6893c9f-0335-4e48-abd0-38ad689287ff"#"",
"Bis(tributyltin) oxide (TBTO)","200-268-0","56-35-9","95","Norway","fulfilling PBT criteria","pbt_095_cas_56-35-9_en.pdf"#"https://echa.europa.eu/documents/10162/90b34f23-7849-411f-a61f-904b0f03cee4"#"",
"Clofenotane (= p,pDDT)","200-024-3","50-29-3","38","Norway","fulfilling POP criteria","pbt_038_cas_50-29-3_en.pdf"#"https://echa.europa.eu/documents/10162/0722d494-ae82-44ff-9a45-bc141de8d133"#"",
"Cyclododeca1,5,9-triene","225-533-8","4904-61-4","39","Sweden","not fulfilling PBT & vPvB criteria","pbt_039_cas_4904-61-4_en.pdf"#"https://echa.europa.eu/documents/10162/be88ce50-2441-4d1e-881b-e26a10909d3f"#"",
"Cyclododecane","206-033-9","294-62-2","40","Sweden","fulfilling PBT criteria","pbt_040_cas_294-62-2_en.pdf"#"https://echa.europa.eu/documents/10162/ed945150-8999-43d9-9760-f776aaf1dc18"#"",
"Decamethylcyclopentasiloxane","208-764-9","541-02-6","124","Finland/United Kingdom","under evaluation","pbt_124_cas_541-02-6_en.pdf"#"https://echa.europa.eu/documents/10162/13ca55c0-46a3-4748-941a-b4edaa75e98d"#"",
"Decanoic acid, ester with 2ethyl-2-(hydroxymethyl)-1,3-propanediol octanoate","234-392-1","11138-60-6","41","Sweden","not fulfilling PBT & vPvB criteria","pbt_041_cas_11138-60-6_en.pdf"#"https://echa.europa.eu/documents/10162/858e5ae5-97b2-4ae9-afbf-fa923015139e"#"",
"Di(tertdodecyl) pentasulphide","250-702-8","31565-23-8","42","United Kingdom","under evaluation","pbt_042_cas_31565-23-8_en.pdf"#"https://echa.europa.eu/documents/10162/46bb15a5-03d9-4bb0-9507-403f041d4924"#"",
"Dibenzyltoluene","248-097-0","26898-17-9","43","France","not fulfilling PBT & vPvB criteria","pbt_043_cas_26898-17-9_en.pdf"#"https://echa.europa.eu/documents/10162/dc944232-f05d-49f1-801c-40c421b67fdb"#"",
"Dichlorodioctylstannane","222-583-2","3542-36-7","16","United Kingdom","under evaluation","pbt_016_cas_3542-36-7_en.pdf"#"https://echa.europa.eu/documents/10162/a73df754-6e57-46c7-9300-6b8993a741bc"#"",
"Dicofol","204-082-0","115-32-2","44","Germany","fulfilling POP criteria","pbt_044_cas_115-32-2_en.pdf"#"https://echa.europa.eu/documents/10162/452f46c4-d3c9-46e4-958d-44e732132424"#"",
"Diethyldimethylplumbane","217-170-9","1762-27-2","45","Norway","not fulfilling PBT & vPvB criteria","pbt_045_cas_1762-27-2_en.pdf"#"https://echa.europa.eu/documents/10162/c94500f1-4148-4a3b-8e0d-a6dbf6495871"#"",
"Diisodecyl phenyl phosphite","247-098-3","25550-98-5","46","United Kingdom","not fulfilling PBT & vPvB criteria","pbt_046_cas_25550-98-5_en.pdf"#"https://echa.europa.eu/documents/10162/7e1642b5-1df5-42ac-a64f-ce4fc219b620"#"",
"Dioctadecyl 3,3'thiodipropionate","211-750-5","693-36-7","96","Sweden","not fulfilling PBT & vPvB criteria","pbt_096_cas_693-36-7_en.pdf"#"https://echa.europa.eu/documents/10162/607ddbfc-280e-477d-afcb-217c63d864a2"#"",
"Dioxobis(stearato)trilead","235-702-8","12578-12-0","47","Norway","not fulfilling PBT & vPvB criteria","pbt_047_cas_12578-12-0_en.pdf"#"https://echa.europa.eu/documents/10162/8be33285-88d4-445d-836e-112ed678d02b"#"",
"Diphenyl ether, octabromo derivative","251-087-9","32536-52-0","49","United Kingdom","fulfilling PBT criteria","pbt_049_cas_32536-52-0_en.pdf"#"https://echa.europa.eu/documents/10162/c0264dc4-6213-4e9a-987e-8306326cc98a"#"",
"Distillates (coal tar), heavy oils","292-607-4","90640-86-1","51","Netherlands","fulfilling PBT criteria","pbt_051_cas_90640-86-1_en.pdf"#"https://echa.europa.eu/documents/10162/04201dce-a8b9-4fa0-8460-0e0ff6abbfe1"#"",
"Distillates (coal tar), heavy oils, pyrene fraction","295-304-5","91995-42-5","52","Netherlands","fulfilling PBT criteria","pbt_052_cas_91995-42-5_en.pdf"#"https://echa.europa.eu/documents/10162/5a2c1081-ac4d-40f8-8855-7f9c0810cd79"#"",
"Distillates (coal tar), pitch, pyrene fraction","295-313-4","91995-52-7","53","Netherlands","fulfilling PBT criteria","pbt_053_cas_91995-52-7_en.pdf"#"https://echa.europa.eu/documents/10162/df1179e5-bc14-4b6c-b958-0275881bbbea"#"",
"Diuron","206-354-4","330-54-1","122","Denmark","not fulfilling PBT & vPvB criteria","pbt_122_cas_330-54-1_en.pdf"#"https://echa.europa.eu/documents/10162/5b10a329-b9b9-47ea-b504-022d89bea6b7"#"",
"Dodecachlorodimethano-dibenzocyclooctane","236-948-9","13560-89-9","115","United Kingdom","deferred","pbt_115_cas_13560-89-9_en.pdf"#"https://echa.europa.eu/documents/10162/f87fdfb3-d88f-458a-bf4f-07e914385531"#"",
"Dodecylphenol","248-312-8","27193-86-8","55","United Kingdom","not fulfilling PBT & vPvB criteria","pbt_055_cas_27193-86-8_en.pdf"#"https://echa.europa.eu/documents/10162/aa09d745-18fc-440e-b18d-eef1eeda6f17"#"",
"Endosulfan","204-079-4","115-29-7","56","Germany","fulfilling PBT criteria & POP","pbt_056_cas_115-29-7_en.pdf"#"https://echa.europa.eu/documents/10162/83e4c8e1-6ccb-4aa7-bc2f-e8641837f90e"#"",
"Ethanol, 2,2'-iminobis-, N-C12-18-alkyl derivs.","276-014-8","71786-60-2","57","Sweden","not fulfilling PBT & vPvB criteria","pbt_057_cas_71786-60-2_en.pdf"#"https://echa.europa.eu/documents/10162/3485aecd-73e5-40fa-a867-bf3488e639c7"#"",
"Ethylenebistetrabromophthalimide","251-118-6","32588-76-4","101","France","not fulfilling PBT & vPvB criteria","pbt_101_cas_32588-76-4_en.pdf"#"https://echa.europa.eu/documents/10162/231092d7-f9cf-4d2d-8af8-859fdd776b68"#"",
"Extracts (petroleum), heavy paraffinic distillate solvent","265-103-7","64742-04-7","111","Finland","under evaluation","pbt_111_cas_64742-04-7_en.pdf"#"https://echa.europa.eu/documents/10162/5b470166-bff9-427c-a38f-94a11956d8bf"#"",
"Hexabromocyclododecane","247-148-4","25637-99-4","58","Sweden","fulfilling PBT criteria","pbt_058_cas_25637-99-4_en.pdf"#"https://echa.europa.eu/documents/10162/01ed2593-1748-4f51-8b9b-d01ce4b3592f"#"",
"Hexachlorobenzene","204-273-9","118-74-1","59","Denmark","fulfilling POP criteria","pbt_059_cas_118-74-1_en.pdf"#"https://echa.europa.eu/documents/10162/f55e64f3-7d0b-4ec8-ac4b-f6032e662811"#"",
"Hexachlorobuta1,3-diene","201-765-5","87-68-3","60","Denmark","fulfilling PBT & vPvB criteria & POP","pbt_060_cas_87-68-3_en.pdf"#"https://echa.europa.eu/documents/10162/6b1623cf-fdde-4d0a-8fd2-0827ec1b1a72"#"",
"Hexachlorocyclopentadiene","201-029-3","77-47-4","108","Norway","deferred","pbt_108_cas_77-47-4_en.pdf"#"https://echa.europa.eu/documents/10162/4c41e1b4-11b3-445f-ba54-2bdb75b1a1c5"#"",
"Hydrocarbons, C4, 1,3-butadiene-free, polymd., triisobutylene fraction, hydrogenated","297-629-8","93685-81-5","62","Finland","not fulfilling PBT & vPvB criteria","pbt_062_cas_93685-81-5_en.pdf"#"https://echa.europa.eu/documents/10162/1f04fc3b-5e67-4206-a8a7-aa3d745aed35"#"",
"Hydrocarbons, C4, 1,3butadiene-free, polymd., dibutylene fraction, hydrogenated","297-626-1","93685-78-0","61","Finland","not fulfilling PBT & vPvB criteria","pbt_061_cas_93685-78-0_en.pdf"#"https://echa.europa.eu/documents/10162/d04bdc7a-dc31-4cc8-b303-29c908d2e3ed"#"",
"Isooctylphenol","234-304-1","11081-15-5","112","Norway","deferred","pbt_112_cas_11081-15-5_en.pdf"#"https://echa.europa.eu/documents/10162/a3dd0b49-c8c9-4460-af69-31517a166644"#"",
"Lindane","200-401-2","58-89-9","105","France","fulfilling POP criteria","pbt_105_cas_58-89-9_en.pdf"#"https://echa.europa.eu/documents/10162/84028248-3e1d-443d-9f39-0ffcd50d56bf"#"",
"Magnesium, bis(2hydroxybenzoato-O1,O2)-, ar,ar'-di-C>13-alkyl derivs.","284-578-1","84929-98-6","63","France","under evaluation","pbt_063_cas_84929-98-6_en.pdf"#"https://echa.europa.eu/documents/10162/ad8c0b06-c426-49ea-b9e7-da37b4bc44ee"#"",
"Methyl 2(4-(2,4-dichlorophenoxy)phenoxy)propionate","257-141-8","51338-27-3","64","France","not fulfilling PBT & vPvB criteria","pbt_064_cas_51338-27-3_en.pdf"#"https://echa.europa.eu/documents/10162/512e78b0-7629-4a27-a6bc-e47bc3663b41"#"",
"Methyl 3(3,5-di-tert-butyl-4-hydroxyphenyl)propionate","228-985-4","6386-38-5","65","France","not fulfilling PBT & vPvB criteria","pbt_065_cas_6386-38-5_en.pdf"#"https://echa.europa.eu/documents/10162/138b5d68-d66a-43cc-b867-f97604f65ad6"#"",
"Methylnaphthalene","202-078-3","91-57-6","106","Germany","not fulfilling PBT & vPvB criteria","pbt_106_cas_91-57-6_en.pdf"#"https://echa.europa.eu/documents/10162/e4a70b2c-1d53-4bbf-ae33-05da90af434f"#"",
"N(1,3-dimethylbutyl)-N'-phenyl-p-phenylenediamine (6PPD)","212-344-0","793-24-8","97","United Kingdom","not fulfilling PBT & vPvB criteria","pbt_097_cas_793-24-8_en.pdf"#"https://echa.europa.eu/documents/10162/4c7e5dc7-cf94-44a9-8968-61cec26f3575"#"",
"N,N-dicyclohexylbenzothiazole-2-sulphenamide","225-625-8","4979-32-2","66","Germany","not fulfilling PBT & vPvB criteria","pbt_066_cas_4979-32-2_en.pdf"#"https://echa.europa.eu/documents/10162/bc066adb-c515-408f-aef0-7d2d0d8f12a6"#"",
"N[2-(2-Heptadecyl-4,5-dihydro-1H-imidazol-1-yl)ethyl] stearamide","247-577-7","26272-76-4","119","United Kingdom","not fulfilling PBT & vPvB criteria","pbt_119_cas_26272-76-4_en.pdf"#"https://echa.europa.eu/documents/10162/bcb6f14d-458b-4fba-ab4d-d81bc9664f18"#"",
"Nitrofen","217-406-0","1836-75-5","68","Netherlands","fulfilling PBT criteria","pbt_068_cas_1836-75-5_en.pdf"#"https://echa.europa.eu/documents/10162/84c4e864-b245-4e90-9c30-0b3b6120289b"#"",
"Nonylphenol","246-672-0","25154-52-3","69","United Kingdom","not fulfilling PBT & vPvB criteria","pbt_069_cas_25154-52-3_en.pdf"#"https://echa.europa.eu/documents/10162/95de3cca-5fb2-4e1f-b4b5-cb495553e465"#"",
"Ntert-butylbenzothiazole-2-sulphenamide","202-409-1","95-31-8","72","Germany","not fulfilling PBT & vPvB criteria","pbt_072_cas_95-31-8_en.pdf"#"https://echa.europa.eu/documents/10162/f639b40a-31b2-4351-a9ab-95ccea41266a"#"",
"Octabenzone","217-421-2","1843-05-6","73","France","not fulfilling PBT & vPvB criteria","pbt_073_cas_1843-05-6_en.pdf"#"https://echa.europa.eu/documents/10162/f5176ccb-1fa7-4cdc-be05-ad72b0e85105"#"",
"Octadecyl 3(3,5-di-tert-butyl-4-hydroxyphenyl)propionate","218-216-0","2082-79-3","74","Netherlands","not fulfilling PBT & vPvB criteria","pbt_074_cas_2082-79-3_en.pdf"#"https://echa.europa.eu/documents/10162/25e67dfd-e9a9-402c-993c-7e955c4f9271"#"",
"Octamethylcyclotetrasiloxane","209-136-7","556-67-2","75","Finland","under evaluation","pbt_075_cas_556-67-2_en.pdf"#"https://echa.europa.eu/documents/10162/9ea25561-8338-4a2e-9493-14a0f2e76f23"#"",
"Paraffin waxes and Hydrocarbon waxes, chloro","264-150-0","63449-39-8","110","Finland","not fulfilling PBT & vPvB criteria","pbt_110_cas_63449-39-8_en.pdf"#"https://echa.europa.eu/documents/10162/53d22bf8-517b-41fb-9808-84a9535b4574"#"",
"Pentabromophenol","210-167-3","608-71-9","114","United Kingdom","deferred","pbt_114_cas_608-71-9_en.pdf"#"https://echa.europa.eu/documents/10162/2c6e3bd0-8e97-422d-9df8-57cc5a4df127"#"",
"Pentachlorobenzenethiol","205-107-8","133-49-3","76","Finland","fulfilling PBT & vPvB criteria","pbt_076_cas_133-49-3_en.pdf"#"https://echa.europa.eu/documents/10162/be8c1c49-af6e-4b6f-9927-b4e1bc7f50f5"#"",
"Pentaerythritol tetrakis(3(3,5-di-tert-butyl-4-hydroxyphenyl)propionate)","229-722-6","6683-19-8","77","Spain","not fulfilling PBT & vPvB criteria","pbt_077_cas_6683-19-8_en.pdf"#"https://echa.europa.eu/documents/10162/7ef97e6b-eff9-4ede-b703-661086632175"#"",
"Perylene3,4:9,10-tetracarboxylic dianhydride","204-905-3","128-69-8","78","Finland","not fulfilling PBT & vPvB criteria","pbt_078_cas_128-69-8_en.pdf"#"https://echa.europa.eu/documents/10162/1aba132f-9345-49c3-ad68-6ed8840199b4"#"",
"Phenol, 4-nonyl-, branched","284-325-5","84852-15-3","70","United Kingdom","not fulfilling PBT & vPvB criteria","pbt_070_cas_84852-15-3_en.pdf"#"https://echa.europa.eu/documents/10162/0b2d3592-61f5-41e6-a290-e1eae474b230"#"",
"Phenol, nonyl, manuf. of, by-products from, high-boiling","291-845-6","90481-05-3","71","United Kingdom","deferred","pbt_071_cas_90481-05-3_en.pdf"#"https://echa.europa.eu/documents/10162/6c50ad4e-4562-4417-86ee-2727391ad2a0"#"",
"Phenol, styrenated","262-975-0","61788-44-1","79","United Kingdom","under evaluation","pbt_079_cas_61788-44-1_en.pdf"#"https://echa.europa.eu/documents/10162/f5db37f5-d52b-436f-99e1-bb6eaff20ddb"#"",
"Phthalic acid, tetrabromo, bis(2-ethylhexyl) ester","247-426-5","26040-51-7","116","United Kingdom","deferred","pbt_116_cas_26040-51-7_en.pdf"#"https://echa.europa.eu/documents/10162/e27860b3-f958-4f35-9eff-7c9f3ddcc0a2"#"",
"Pitch, coal tar, high temp.","266-028-2","65996-93-2","54","Netherlands","fulfilling PBT criteria","pbt_054_cas_65996-93-2_en.pdf"#"https://echa.europa.eu/documents/10162/da055472-decf-4334-87f5-69011b35bd5c"#"",
"Residues (coal tar), pitch distn.","295-507-9","92061-94-4","50","Netherlands","fulfilling PBT criteria","pbt_050_cas_92061-94-4_en.pdf"#"https://echa.europa.eu/documents/10162/80306723-06a6-4ff1-9764-a3f7712f70ea"#"",
"Resin acids and Rosin acids, sodium salts","263-144-5","61790-51-0","80","Norway","not fulfilling PBT & vPvB criteria","pbt_080_cas_61790-51-0_en.pdf"#"https://echa.europa.eu/documents/10162/bb9a139a-6768-4654-a6c1-6e925422d8a3"#"",
"Sulfonic acids, C1021-alkane, Ph esters","293-728-5","91082-17-6","82","Denmark","not fulfilling PBT & vPvB criteria","pbt_082_cas_91082-17-6_en.pdf"#"https://echa.europa.eu/documents/10162/25f36f50-cc15-482d-8a8a-cbd8c349aed0"#"",
"Sulfonyl chlorides, C1634-alkane, chloro","293-744-2","91082-32-5","83","Denmark","not fulfilling PBT & vPvB criteria","pbt_083_cas_91082-32-5_en.pdf"#"https://echa.europa.eu/documents/10162/c2954ffd-9ca4-43ab-a36f-5bdaf053277a"#"",
"Talloil rosin","232-484-6","8052-10-6","81","Norway","not fulfilling PBT & vPvB criteria","pbt_081_cas_8052-10-6_en.pdf"#"https://echa.europa.eu/documents/10162/11d16f0c-8001-4fd0-8fd9-b993bdb8895b"#"",
"Terpenes and Terpenoids, turpentineoil, 3-carene fraction","294-866-9","91770-80-8","84","Finland","not fulfilling PBT & vPvB criteria","pbt_084_cas_91770-80-8_en.pdf"#"https://echa.europa.eu/documents/10162/b550afbc-7cf7-40e5-a9e5-692f59d2ab22"#"",
"Terpenes and Terpenoids, turpentineoil, alpha-pinene fraction","266-031-9","65996-96-5","85","Finland","not fulfilling PBT & vPvB criteria","pbt_085_cas_65996-96-5_en.pdf"#"https://echa.europa.eu/documents/10162/7badd0ab-9045-45b5-9804-497f83c8527c"#"",
"Terphenyl","247-477-3","26140-60-3","86","Finland","under evaluation","pbt_086_cas_26140-60-3_en.pdf"#"https://echa.europa.eu/documents/10162/f71deb2e-2ac5-4c28-abb9-81a83ed12d31"#"",
"Terphenyl, hydrogenated","262-967-7","61788-32-7","87","Finland","under evaluation","pbt_087_cas_61788-32-7_en.pdf"#"https://echa.europa.eu/documents/10162/0a9f85bc-338f-48ee-9c28-412f26b6d4c5"#"",
"Tert.dodecanethiol","246-619-1","25103-58-6","98","United Kingdom","under evaluation","pbt_098_cas_25103-58-6_en.pdf"#"https://echa.europa.eu/documents/10162/f1fb92cd-6aad-46f2-b120-881a5c69cbdb"#"",
"Tetrabutyltin","215-960-8","1461-25-2","88","Netherlands","under evaluation","pbt_088_cas_1461-25-2_en.pdf"#"https://echa.europa.eu/documents/10162/508016b1-0dc8-4d9e-ab27-27f568e1d9ec"#"",
"Tetrachlorophthalic anhydride","204-171-4","117-08-8","90","Spain","not fulfilling PBT & vPvB criteria","pbt_090_cas_117-08-8_en.pdf"#"https://echa.europa.eu/documents/10162/e3e6a507-5d32-4d92-8c19-1164956971f0"#"",
"Tetraethyllead","201-075-4","78-00-2","91","United Kingdom","not fulfilling PBT & vPvB criteria","pbt_091_cas_78-00-2_en.pdf"#"https://echa.europa.eu/documents/10162/f529913d-3076-4adf-92c5-125a0e28eb1b"#"",
"Tetramethyllead","200-897-0","75-74-1","92","United Kingdom","fulfilling PBT criteria","pbt_092_cas_75-74-1_en.pdf"#"https://echa.europa.eu/documents/10162/8aaf4e43-09a7-410d-9bbb-96faa7a5c43d"#"",
"Tetraoctyltin","222-733-7","3590-84-9","89","Netherlands","under evaluation","pbt_089_cas_3590-84-9_en.pdf"#"https://echa.europa.eu/documents/10162/06b4ffc9-b297-471d-9066-7f307550448d"#"",
"tridecylamine, branched and linear","289-185-9","86089-17-0","93","Germany","not fulfilling PBT & vPvB criteria","pbt_093_cas_86089-17-0_en.pdf"#"https://echa.europa.eu/documents/10162/f57f31b4-ec44-4b7c-b51d-67a428748984"#"",
"Triphenylphosphine","210-036-0","603-35-0","94","Germany","not fulfilling PBT & vPvB criteria","pbt_094_cas_603-35-0_en.pdf"#"https://echa.europa.eu/documents/10162/091573a9-723b-4855-856b-00616b01c3b8"#"",
"Tris(2,4-di-tertbutylphenyl) phosphite","250-709-6","31570-04-4","100","United Kingdom","under evaluation","pbt_100_cas_31570-04-4_en.pdf"#"https://echa.europa.eu/documents/10162/f63b5877-8adb-40a8-83db-405526c6c34d"#"",
"Vinyl neodecanoate","256-905-8","51000-52-3","120","United Kingdom","not fulfilling PBT & vPvB criteria","pbt_120_cas_51000-52-3_en.pdf"#"https://echa.europa.eu/documents/10162/6af350f6-e259-4545-859f-293ce8515cb3"#"",
